date_published,channelTitle,title,viewCount,likeCount,dislikeCount,commentCount,description
2019-04-28,MaTeOWaNnA CoMeDy ReMaStErZ,Mitch Hedberg on Letterman - Stand Up Comedy 2/3/1998,28754,389,5,44,"2019 Remaster of Mitch Hedberg on The Late Show w/ David Letterman performing stand up comedy on Feb 3rd, 1998. More remastered Mitch Hedberg ..."
2019-04-03,Explore Dogs,Senior Dog Gathering Room powered by EXPLORE.org,1418395,5002,120,,"The gathering room at Old Friends Senior Dog Sanctuary in Tennessee is where the action is! Tune in to watch the senior dogs eat, play, sleep and snuggle."
2019-04-02,Explore Zen Den,Redwood River Cam powered by EXPLORE.org,273869,2165,46,0,"Watch as the Smith River weaves its way through Jedediah Smith Redwoods State Park, home to the tallest trees on earth. Watch live and explore our other zen ..."
2019-04-08,Explore Birds Bats Bees,Penguin Beach powered by EXPLORE.org,549019,871,17,0,"More than 20 Magellanic penguins live here at the Aquarium of the Pacific in Long Beach, California. Watch live, learn about the species, and find out how to ..."
2019-04-06,RazNitzanMusic,Vocal Trance Radio | Uplifting Â· 24/7 Live Stream,4856917,33914,1349,,"The music on our 24/7 Live Stream is also available on our Spotify page: https://RazNitzan.lnk.to/RNMSpotify For more Trance, Vocal Trance, Uplifting ..."
2019-04-09,Explore Africa,Africam Naledi Cat-EYE powered by EXPLORE.org,2646960,12008,786,0,Watch Africam Naledi Cat-EYE - LIVE This camera has been set up at the eye level of a leopard so as to get a unique view of the scale of the animals that ...
2019-04-21,AYQOUNA,Ù…ÙˆÙ‚Ø¹Ø© Ø£Ù†ÙˆØ§Ù„ | Ù‚ØµØ© Ø§Ù„Ù…Ø¹Ø±ÙƒØ© Ø§Ù„ØªÙŠ Ø³Ø­Ù‚ ÙÙŠÙ‡Ø§ Ø§Ù„Ù…ØºØ§Ø±Ø¨Ø© Ø§Ù„Ø¬ÙŠØ´ Ø§Ù„Ø¥Ø³Ø¨Ø§Ù†ÙŠ Ø¹Ø§Ù… 1921,20310,605,15,108,Ù‚ØµØ© Ù…Ø¹Ø±ÙƒØ© Ø£Ù†ÙˆØ§Ù„ Ø§Ù„ØªÙŠ Ø³Ø­Ù‚Øª ÙÙŠÙ‡Ø§ Ø§Ù„Ù…Ù‚Ø§ÙˆÙ…Ø© Ø§Ù„Ø±ÙŠÙÙŠØ© Ø§Ù„Ù…ØºØ±Ø¨ÙŠØ© Ø¨Ù‚ÙŠØ§Ø¯Ø© Ø§Ù„Ø®Ø·Ø§Ø¨ÙŠ Ù‚ÙˆØ§Øª Ø§Ù„Ø§Ø³ØªØ¹Ù…Ø§Ø± Ø§Ù„Ø§Ø³Ø¨Ø§Ù†ÙŠ Ø®Ù„Ø§Ù„ Ø­Ø±Ø¨ Ø§Ù„Ø±ÙŠÙ | Ø£ÙŠÙ‚ÙˆÙ†Ø© Ù…Ù† Ø§Ù†ØªØ§Ø¬Ø§Øª Ù‚Ù†Ø§Ø© Ø£ÙŠÙ‚ÙˆÙ†Ø© Ø§Ù„Ø£Ø¯Ø§Ø¡ Ø§Ù„ØµÙˆØªÙŠ: ...
2019-04-10,Masteer Recipes,Crispy Chinese Starter | à¤•à¥‹à¤¬à¥€ à¤®à¤¨à¥à¤šà¥à¤°à¤¿à¤…à¤¨ | Veg Manchurian Dry &amp; Gravy- Easy Manchurian Recipe,221657,3195,176,257,gobhimanchurian #chineserecipe #masteerrecipes à¤ªà¤¾à¤¶à¥à¤šà¤¿à¤®à¤¾à¤¤à¥à¤¯ à¤ªà¤¦à¤¾à¤°à¥à¤¥ à¤œà¤¸à¥‡ à¤†à¤ªà¤£ à¤­à¤¾à¤°à¤¤à¥€à¤¯à¤¾à¤‚à¤¨à¥€ à¤†à¤ªà¤²à¥‡à¤¸à¥‡ à¤•à¥‡à¤²à¥‡ à¤¤à¤¸à¥‡à¤š à¤•à¤¾à¤¹à¥€ à¤šà¤¾à¤¯à¤¨à¥€à¤œ ...
2019-04-29,Masteer Recipes,à¤šà¤Ÿà¤•à¤¦à¤¾à¤° à¤†à¤‚à¤¬à¤Ÿ à¤—à¥‹à¤¡ à¤¤à¤¿à¤–à¤Ÿ à¤•à¥ˆà¤°à¥€à¤šà¥€ à¤•à¤¢à¥€ | Kairichi Aamti Kadhi | Raw Mango Curry | à¤•à¥‹à¤•à¤£à¤¾à¤¤à¤² à¤•à¥‹à¤¯à¤¾à¤¡,237341,4175,237,0,curryrecipes #rawmango #masteerrecipes à¤†à¤ªà¤²à¥à¤¯à¤¾ à¤®à¤¾à¤¸à¥à¤Ÿà¤° à¤°à¥‡à¤¸à¤¿à¤ªà¥€à¤œ à¤šà¥à¤¯à¤¾ à¤ªà¥à¤°à¤¤à¥à¤¯à¥‡à¤• à¤­à¤¾à¤—à¤¾à¤¤ à¤†à¤®à¥à¤¹à¥€ à¤µà¥‡à¤—à¤µà¥‡à¤—à¤³à¥€ à¤­à¤¾à¤‚à¤¡à¥€ à¤µà¤¾à¤ªà¤°à¤¤à¥‹. à¤µà¤¿à¤¶à¥‡à¤·à¤¤à¤ƒ ...
2019-04-03,Explore Cats Lions Tigers,Windsong Memorial Cat Hospital - Big Cat Rescue powered by EXPLORE.org,117500,548,17,0,Sometimes the rescued animals at Big Cat Rescue need special medical care at the Windsong Memorial Cat Hospital. Watch live and learn more on Explore.org ...
2019-04-22,PUBG WTF,PUBG WTF Funny Daily Moments Highlights Ep 584,74236,1098,33,55,Free to enter PUBG tournaments with real money prizes - https://reactiq.net PUBG WTF Funny Daily Moments Highlights Ep 584 FOLLOW us on INSTAGRAM ...
2019-04-14,Aetos 68,ÎœÎµÎ»Î¯Î½Î± Î‘ÏƒÎ»Î±Î½Î¯Î´Î¿Ï… - Î‘Ï†Î¹Î­ÏÏ‰Î¼Î± ÏƒÏ„Î¿Î½ Î“Î¹ÏÏÎ³Î¿ Î˜ÎµÎ¿Ï†Î¬Î½Î¿Ï…Ï‚ (Î£Ï„Î·Î½ Ï…Î³ÎµÎ¹Î¬ Î¼Î±Ï‚) {13/4/2019},121281,1063,58,46,Î£Ï„Î¿Î½ ÏƒÏ…Î½Î¸Î­Ï„Î· ÎºÎ±Î¹ ÏƒÏ„Î¹Ï‡Î¿Ï…ÏÎ³ÏŒ Î“Î¹ÏÏÎ³Î¿ Î˜ÎµÎ¿Ï†Î¬Î½Î¿Ï…Ï‚ ÎµÎ¯Î½Î±Î¹ Î±Ï†Î¹ÎµÏÏ‰Î¼Î­Î½Î· Î· ÎµÎºÏ€Î¿Î¼Ï€Î® Â«Î£Ï„Î·Î½ Î¥Î³ÎµÎ¹Î¬ Î¼Î±Ï‚ ÏÎµ Ï€Î±Î¹Î´Î¹Î¬Â» Î¼Îµ Ï„Î¿Î½ Î£Ï€ÏÏÎ¿ Î Î±Ï€Î±Î´ÏŒÏ€Î¿Ï…Î»Î¿ Ï„Î¿ Î£Î¬Î²Î²Î±Ï„Î¿ 13 Î‘Ï€ÏÎ¹Î»Î¯Î¿Ï… ...
2019-04-09,afartv,ğŸŒ Hawaii Humpback Whale Marine Sanctuary @ Maui Sands,2584629,19539,494,0,Your help is needed! Please help keep this webcam running during these difficult times where tourism can no longer fund this webcam. Please support me on ...
2019-04-15,WebCamNL,WebCam.NL | www.damrakbeursplein.amsterdam - live ultraHD PTZ camera Beursplein.,1414344,7529,253,,https://www.damrakbeursplein.amsterdam/ live ultraHD PTZ camera Beursplein Amsterdam. Kies in het live beeld rechtsonder bij Instellingen (tandwieltje) voor ...
2019-04-20,WebCamNL,WebCam.NL | www.elburg.nl - live HD PTZ camera.,1374742,5597,176,,WebCam.NL | www.elburg.nl - live HD PTZ camera. Rechtsonder bij Instellingen (tandwieltje) kunt u kiezen voor 720p HD weergave voor de beste kwaliteit.
2019-04-05,RuPaul's Drag Race,The Draglympics,,128,9,,The queens get physical in the 69th International Draglympics. Choreographer Travis Wall and Olympian figure skaters Mirai Nagasu and Adam Rippon guest ...
2019-04-17,Masteer Recipes,à¤•à¥ˆà¤°à¥€à¤šà¤‚ à¤šà¤Ÿà¤•à¤¦à¤¾à¤° à¤²à¥‹à¤£à¤šà¤‚ | Raw Mango Pickle | Kiricha Loncha | Pickel Recipes,718067,6295,706,446,kairichelonche #mangoachar #masteerrecipes à¤‰à¤¨à¥à¤¹à¤¾à¤³à¥à¤¯à¤¾à¤¤ à¤µà¤¾à¤³à¤µà¤£à¤¾à¤¸à¥‹à¤¬à¤¤ à¤†à¤£à¤–à¥€ à¤•à¤¾à¤¹à¥€ à¤ªà¤¾à¤¹à¥‚à¤£à¥à¤¯à¤¾à¤šà¥€ à¤šà¤¾à¤¹à¥à¤² à¤²à¤¾à¤—à¤¤à¥‡ à¤†à¤£à¤¿ à¤®à¤— à¤˜à¤°à¥‹à¤˜à¤°à¥€ à¤à¤• ...
2019-04-27,Bouwwebcam.nl - WebcamPro BV,Amsterdam live stream - Stationseiland - Centraal station,1252446,2986,114,0,Amsterdam live stream - Stationseiland - Centraal station https://www.bouwwebcam.nl.
2019-04-15,WebCamNL,WebCam.NL | www.amsterdam-dam.com - live ultraHD PTZ camera.,4745216,17101,1302,,"www.amsterdam-dam.com - live ultraHD PTZ camera, Amsterdam Dam. Kies in het live beeld rechtsonder bij Instellingen (tandwieltje) voor 2160p 4K weergave, ..."
2019-04-10,D5 Channel Punjabi,"à¨¸à©œà¨• &#39;à¨¤à©‡ à¨¸à¨•à©‚à¨²à©€ à¨•à©à©œà©€ à¨¨à©‡ à¨•à©€à¨¤à¨¾ à¨…à¨œà¨¿à¨¹à¨¾ à¨•à©°à¨®, à¨—à©±à¨¡à©€à¨†à¨‚ à¨°à©‹à¨• à¨°à©‹à¨• à¨¦à©‡à¨–à¨£ à¨²à©±à¨—à©‡ à¨²à©‹à¨•, à¨¬à¨£à¨¾à¨ˆ à¨µà©€à¨¡à©€à¨“",178155,1858,134,93,Official website: https://punjabi.newsd5.in Subscribe us on Youtube - https://www.youtube.com/channel/UCe8E0LxdObaplNo5aS-sJuw/featured Like us on ...
2019-04-29,PUBG WTF,PUBG WTF Funny Daily Moments Highlights Ep 591,69938,1027,33,85,MOBILE CONTROLLER: https://bit.ly/2V076tT WWW.EASYMOBILE.SHOP PUBG WTF Funny Daily Moments Highlights Ep 591 FOLLOW us on INSTAGRAM ...
2019-04-15,WebCamNL,WebCam.NL | https://www.hartbeach.nl/ FULL HD PTZ camera.,241090,753,27,,"Kies in het live beeld rechtsonder bij Instellingen (tandwieltje) voor 1080p HD weergave, indien uw internet snel genoeg is voor FULL HD weergave. FULL HD ..."
2019-04-29,Mknows Gameplay,Saitama vs Garou | One Punch Man 2 Ep 3 (ãƒ¯ãƒ³ãƒ‘ãƒ³ãƒãƒ³ 3 è©± ) 2019 !!!,739953,8016,245,416,Subscribe âœ“âœ“ Subscribe âœ“âœ“ Subscribe âœ“âœ“ Subscribe âœ“âœ“ Subscribe âœ“âœ“ Subscribe âœ“âœ“ âœ“âœ“ Subscribe âœ“âœ“ âœ“âœ“ Subscribe.
2019-04-19,Lampung TV,Ketua KPPS di Lampung Utara Ditembak Usai Tahajjud,193653,1690,76,1255,"BANDARLAMPUNG (19/4/2019) â€“ Ketua KPPS Desa Isorejo, Bungamayang, Lampung Utara ditembak usai shalat tahajjud di rumahnya pukul 03.30, Jumat 19 ..."
2019-04-06,Soggy Dollar,"Soggy Dollar Bar Live Webcam - Jost Van Dyke, British Virgin Islands",5363254,12556,772,0,"White Bay, Jost Van Dyke in the British Virgin Islands - Live from the Soggy Dollar Bar. Visit paradise at http://soggydollar.com ... Listen to Soggy Dollar Radio..."
2019-04-06,mtaOnline1,MTA TV Live - English,286554,3560,349,0,"Official live streaming of MTA International in English. If translation is not available, Default language of programme will play. MTA International Official LIVE ..."
2019-04-27,Zee Bihar Jharkhand,à¤¬à¤¿à¤¹à¤¾à¤°: BJP à¤ªà¤° à¤¤à¥‡à¤œà¤¸à¥à¤µà¥€ à¤¯à¤¾à¤¦à¤µ à¤•à¥‡ à¤—à¤‚à¤­à¥€à¤° à¤†à¤°à¥‹à¤ª,102856,1071,83,83,à¤•à¥à¤¯à¤¾ à¤•à¥‡à¤‚à¤¦à¥à¤° à¤¸à¤°à¤•à¤¾à¤° à¤•à¥‡ à¤‡à¤¶à¤¾à¤°à¥‹à¤‚ à¤ªà¤° à¤•à¥‡à¤‚à¤¦à¥à¤°à¥€à¤¯ à¤à¤œà¥‡à¤‚à¤¸à¤¿à¤¯à¤¾à¤‚ à¤®à¤¾à¤¯à¤¾à¤µà¤¤à¥€ à¤”à¤° à¤²à¤¾à¤²à¥‚ à¤¯à¤¾à¤¦à¤µ à¤•à¥‹ à¤ªà¤°à¥‡à¤¶à¤¾à¤¨ à¤•à¤° à¤°à¤¹à¥€ à¤¹à¥ˆ. à¤¯à¥‡ à¤†à¤°à¥‹à¤ª à¤¤à¥‡à¤œà¤¸à¥à¤µà¥€ à¤¯à¤¾à¤¦à¤µ à¤¨à¥‡ ...
2019-04-19,Nat and Essie,Nat and Essie Unbox TOY STORY 4 Mashems Squishy TOY Surprises,2931694,12802,3180,,TOY STORY 4 Mashems Squishy TOY Surprise Capsules #toystory4 #toysunlimited #mashems.
2019-04-13,Nat and Essie Too,PinkFong Baby Shark Wooden Stud Puzzle Unboxing,1985482,7221,3199,,PinkFong Baby Shark Wooden Stud Puzzle Unboxing #babyshark #toysunlimited #pinkfong.
2019-04-18,ë˜íŒŒTV,[ë˜íŒŒ] 5000ì¼ì˜ ë©”ëª¨ë¦¬,332860,76,4,23,ì˜¤ëŠ˜ì€ ìš°ë¦¬ê°€ ë§Œë‚œ ì§€ 5000ì¼! ì§€ê¸ˆ 5000ì¼ì˜ ë©”ëª¨ë¦¬ ì´ë²¤íŠ¸ì™€ í•¨ê»˜ ì¶”ì–µì„ PLAYí•˜ì„¸ìš”.
2019-04-28,DierenPark Amersfoort,Kijk live mee met de olifantenkudde in DierenPark Amersfoort | Webcam 3,625319,311,44,0,Krijg je geen genoeg van onze dieren? Dankzij onze webcams kun jij de hele dag live meekijken bij de olifanten. Zo kom je alvast helemaal in de ...
2019-04-16,Goldie Star,Toy Story 4 SPINNING LOCK AND KEY GAME (Bunny vs Ducky) Win Surprise Toys,1033031,7816,1414,,Bunny and Ducky from Toy Story 4 play the Spinning Lock & Key Game to win surprise toys!! Who will win and find Goldie's Treasure?? Vote and see if you're a ...
2019-04-28,Nat y Essie en EspaÃ±ol,"PJ MASKS Estuches Catboy, Owlette &amp; Gekko, PJ Robot &amp; Juguetes Sorpresa",1608745,17740,3892,35,"PJ MASKS Estuches Catboy, Owlette & Gekko, PJ Robot & Juguetes Sorpresa Like, comment, share! Please SUBSCRIBE to our channel for support and that ..."
2019-04-17,Nat and Essie,Super Monster Lobo Eats Something Bad and Has to Be Inspected,3859176,10439,3401,,"Super Monster Lobo Eats Something Bad and Has to Be Inspected Like, comment, share! Please SUBSCRIBE to our channel for support and that way you can ..."
2019-04-09,Nat and Essie Too,Paw Patrol Lollipop POP UPS Candy Dispensers,2410380,11215,3727,17,Paw Patrol Lollipop POP UPS Candy Dispensers #puppy #candy #toysunlimited.
2019-04-26,Understand This,Khan Baba Mohray Wala ! Puranay Se Purana Dard Chutkioon Main Ghayab,137466,2854,144,179,"20 Sall Purana Mohray Ka Dard Mintoon Main Theak Shifa Sirf ALLAH deta Hai #mohraykadardchooooo #understandthis In This Channel App, Software, ..."
2019-04-23,Star vs. the Forces of Evil,A Boy and His DC-700XE / The Monster and the Queen,,35,2,0,Marco and Tom go on a dragon-cycling adventure. Eclipsa has a date with Globgor!
2019-04-29,Nat y Essie en EspaÃ±ol,Aprende Los Colores PJ MASKS Sorpresas de Juguetes,1484803,14569,3854,36,Aprende Los Colores PJ MASKS Sorpresas de Juguetes con los Heroes y Villanes heroes en pijamas.
2019-04-01,Absa Bank Kenya,Magical Kenya Open 2019,217349,3,0,0,"Here is a recap of Magical Kenya Open 2019. Fun, laughter and memorable moments. See you next year!"
2019-04-08,Nat and Essie,DIY Hand Painted Frozen Princess Nesting Dolls,2357507,13103,3636,,DIY Hand Painted Frozen Princess Nesting Dolls.
2019-04-02,Carnival Motion Pictures,Blank | Official Teaser | Sunny Deol | Karan Kapadia | 3rd May,1039412,12998,301,423,"The unseen will be unearthed soon. The #BlankMovie Teaser is here. Starring Sunny Deol, Ishita Dutta, introducing Karan Kapadia. Releasing on 3rd May."
2019-04-19,D5 Channel Punjabi,à¨†à¨¹ à¨µà©ˆà¨¦ à¨¨à©‡ à¨«à©‡à¨²à©à¨¹ à¨•à©€à¨¤à©‡ à¨…à¨®à¨°à©€à¨•à¨¾ à¨¦à©‡ à¨¡à¨¾à¨•à¨Ÿà¨° !,662423,11882,1215,685,Official website: https://punjabi.newsd5.in Subscribe us on Youtube - https://www.youtube.com/channel/UCe8E0LxdObaplNo5aS-sJuw/featured Like us on ...
2019-04-12,Untucked: RuPaul's Drag Race,Untucked: RuPaul&#39;s Drag Race - From Farm To Runway,,26,0,,The safe Queens untuck and the kettle is set to boil when one Queen admits she won't be friends with another Queen after the competition. When all the Queens ...
2019-04-07,Nat and Essie Too,My Little Pony MLP PEZ Dispensers Pretend Play Microwave Game,285997,1499,315,13,My Little Pony MLP PEZ Dispensers Pretend Play Microwave Game #mlp #mylittlepony #pez.
2019-04-03,Nat and Essie Too,Disney Princess Lollipop Pop Ups Princesses unboxing,2353821,5052,2025,40,"Disney Princess Lollipop Pop Ups with Frozen Elsa, Ariel, Rapunzel & Cinderella #princess #frozen #toysunlimited."
2019-04-21,Nat y Essie en EspaÃ±ol,Puppy Dog Pals Cachorros y Cerditos Bingo y Rollo Veterinario,1117944,5195,1690,32,Puppy Dog Pals Cachorros y Cerditos Amigo Bingo y Rollo Veterinario.
2019-04-27,Nat and Essie,Unboxing Cry Babies Mini Magic Tears Dolls,2436341,9852,3485,,"Cry Babies Mini Magic Tears - Cutest Dolls For Pretend Play Girls Like, comment, share! Please SUBSCRIBE to our channel for support and that way you can ..."
2019-04-14,ãƒ»Ï‰ãƒ»Blue_Wolf e Pink_Wolfãƒ»Ï‰ãƒ»,Os pais que queriam mimar as filhas Parte 1 | Blue_Wolf e Pink_Wolf,32505,1362,76,74,OlÃ¡ Purples_Wolves! Tudo bem com vocÃªs? Acham que estes pais fizeram bem em mimar as suas filhas? Sayonara!
2019-04-21,Duniya Today,Haye Mera Dil | DJ Remix || Full Vibration DJ Mix || Yo Yo Honey Singh - Hindi Love Sed Song,7161262,29091,2045,455,HayeMeraDil #YoYoHoneySingh #LoveSedHeartToching #Love #Sed #Heart #Toching #Subscribe.
2019-04-24,Nat y Essie en EspaÃ±ol,"La Sede de PJ MASKS, Heroes en Pajamaas Juego HQ",203818,1546,535,5,"La Sede de PJ MASKS, heroes en pajamaas Juego HQ Like, comment, share! Please SUBSCRIBE to our channel for support and that way you can find us ..."
